1A-FE-34-9A-B1-71,1AFE349AB171,18-FE-34-9A-B1-71,18FE349AB171
1A-FE-34-9A-B1-71,1AFE349AB171,18-FE-34-9A-B1-71,18FE349AB171
1A-FE-34-9A-B1-71,1AFE349AB171,18-FE-34-9A-B1-71,18FE349AB171
1A-FE-34-9A-B1-71,1AFE349AB171,18-FE-34-9A-B1-71,18FE349AB171
1A-FE-34-9F-6D-30,1AFE349F6D30,18-FE-34-9F-6D-30,18FE349F6D30
1A-FE-34-0B-34-B1,1AFE340B34B1,18-FE-34-0B-34-B1,18FE340B34B1
1A-FE-34-0B-34-B1,1AFE340B34B1,18-FE-34-0B-34-B1,18FE340B34B1
1A-FE-34-0B-34-B1,1AFE340B34B1,18-FE-34-0B-34-B1,18FE340B34B1
1A-FE-34-0B-34-B1,1AFE340B34B1,18-FE-34-0B-34-B1,18FE340B34B1
1A-FE-34-0B-34-B1,1AFE340B34B1,18-FE-34-0B-34-B1,18FE340B34B1
1A-FE-34-0B-34-B1,1AFE340B34B1,18-FE-34-0B-34-B1,18FE340B34B1
1A-FE-34-0B-34-B1,1AFE340B34B1,18-FE-34-0B-34-B1,18FE340B34B1
1A-FE-34-0B-34-B1,1AFE340B34B1,18-FE-34-0B-34-B1,18FE340B34B1
1A-FE-34-0B-34-B1,1AFE340B34B1,18-FE-34-0B-34-B1,18FE340B34B1
1A-FE-34-0B-34-B1,1AFE340B34B1,18-FE-34-0B-34-B1,18FE340B34B1
